{
  "version":"2.0",
  "metadata":{
    "apiVersion":"2016-01-07",
    "endpointPrefix":"awsaccountsservice",
    "jsonVersion":"1.1",
    "protocol":"json",
    "serviceFullName":"AWSAccountsService",
    "signingName":"AWSAccountsService",
    "signatureVersion":"v4",
    "targetPrefix":"AWSAccountsService"
  },
  "operations":{
    "CreateLinkedAccount":{
      "name":"CreateLinkedAccount",
      "http":{
        "method":"POST",
        "requestUri":"/"
      },
      "input":{"shape":"CreateLinkedAccountRequest"},
      "output":{"shape":"CreateLinkedAccountResponse"},
      "errors":[
        {"shape":"InvalidParameterException"},
        {"shape":"UnauthorizedRequestException"},
        {"shape":"InvalidAddressException"},
        {"shape":"LinkedAccountLimitExceededException"},
        {"shape":"InternalErrorException"}
      ]
    }
  },
  "shapes":{
    "Address":{
      "type":"structure",
      "required":[
        "firstName",
        "lastName",
        "mailingAddress",
        "phoneNumber"
      ],
      "members":{
        "firstName":{"shape":"string"},
        "lastName":{"shape":"string"},
        "mailingAddress":{"shape":"MailingAddress"},
        "phoneNumber":{"shape":"string"}
      },
      "sensitive":true
    },
    "CreateLinkedAccountRequest":{
      "type":"structure",
      "required":[
        "email",
        "address",
        "snsArn"
      ],
      "members":{
        "email":{"shape":"EmailAddress"},
        "address":{"shape":"Address"},
        "snsArn":{"shape":"SNSARN"},
        "roleName":{"shape":"RoleName"}
      }
    },
    "CreateLinkedAccountResponse":{
      "type":"structure",
      "members":{
        "operationId":{"shape":"string"}
      }
    },
    "EmailAddress":{
      "type":"string",
      "max":64,
      "min":6,
      "pattern":"[\\w+=,.-]+@[\\w.-]+\\.[\\w]+",
      "sensitive":true
    },
    "ErrorCode":{"type":"string"},
    "ErrorMessage":{"type":"string"},
    "InternalErrorException":{
      "type":"structure",
      "members":{
        "message":{"shape":"ErrorMessage"},
        "errorCode":{"shape":"ErrorCode"}
      },
      "exception":true,
      "fault":true
    },
    "InvalidAddressException":{
      "type":"structure",
      "members":{
        "message":{"shape":"ErrorMessage"},
        "errorCode":{"shape":"ErrorCode"}
      },
      "exception":true
    },
    "InvalidParameterException":{
      "type":"structure",
      "members":{
        "parameterName":{"shape":"string"},
        "message":{"shape":"ErrorMessage"},
        "errorCode":{"shape":"ErrorCode"}
      },
      "exception":true
    },
    "LinkedAccountLimitExceededException":{
      "type":"structure",
      "members":{
        "message":{"shape":"ErrorMessage"},
        "errorCode":{"shape":"ErrorCode"}
      },
      "exception":true
    },
    "MailingAddress":{
      "type":"structure",
      "required":[
        "addressLine1",
        "city",
        "stateOrRegion",
        "postalCode",
        "countryCode"
      ],
      "members":{
        "addressLine1":{"shape":"string"},
        "addressLine2":{"shape":"string"},
        "addressLine3":{"shape":"string"},
        "city":{"shape":"string"},
        "stateOrRegion":{"shape":"string"},
        "postalCode":{"shape":"string"},
        "countryCode":{"shape":"string"}
      }
    },
    "RoleName":{
      "type":"string",
      "max":64,
      "min":1,
      "pattern":"[\\w+=,.@-]*"
    },
    "SNSARN":{
      "type":"string",
      "max":256,
      "pattern":"arn:aws:sns:[\\w-]+:[\\w]+:[\\w-]+"
    },
    "UnauthorizedRequestException":{
      "type":"structure",
      "members":{
        "message":{"shape":"ErrorMessage"},
        "errorCode":{"shape":"ErrorCode"}
      },
      "exception":true
    },
    "string":{
      "type":"string",
      "max":256
    }
  }
}
